Brand,Paddle Name,Shape,Weight,Swing Weight,Twist Weight,Thickness,Amount off,Discount link,Review
11SIX24,Vapor Power 2,Hybrid,8.0,113.77,6.73,16,$10,https://11six24.com/collections/power-2/products/vapor-power-2?sca_ref=10762081.CP7l7DxvM7,https://youtu.be/ffiit6IWsHo
11SIX24,Hurache Power 2,Elongated,8.0,111.87,6.06,16,$10,https://11six24.com/collections/power-2/products/hurache-x-power-2?sca_ref=10762081.CP7l7DxvM7,https://youtu.be/ffiit6IWsHo
11SIX24,Pegasus Power 2,Widebody,8.0,110.07,7.01,16,$10,https://11six24.com/collections/power-2/products/pegasus-power-2?sca_ref=10762081.CP7l7DxvM7,https://youtu.be/ffiit6IWsHo
APL,Starion,Elongated,8.0,116.40,5.93,16,$0,https://aplpros.com/products/apl-dj-young-starion-pro-16mm-pickleball-paddle-carbon-fiber-gen-4-thermoformed-foam-technology?ref=pickleball_playbook,https://youtube.com/shorts/79lOG4-HuqM?feature=share
APL,Ascend,Hybrid,8.2,116.85,5.65,16,$0,https://aplpros.com/products/apl-propluspaddles1?ref=pickleball_playbook,https://youtube.com/shorts/79lOG4-HuqM?feature=share
Avoura,Rhapsody,Hybrid,8.0,104.47,7.33,13,$10,https://www.avourapickleball.com/PLAYBOOK,
Battle Paddles, El Toro,Elongated,7.9,115.73,5.93,16,10%,https://battlepaddlesusa.com?sca_ref=10843522.kInm8z4RAcFM,https://youtu.be/9IdOGtzJoww
Bread & Butter,Shogun,Elongated,8.0,117.53,5.96,16,10%,https://breadbutterpickleballco.sjv.io/9VL5Le,
Bread & Butter,Filth,Elongated,7.9,116.53,5.91,16,10%,https://breadbutterpickleballco.sjv.io/9VL5Le,
Bread & Butter,Fat Boy,Widebody,8.0,109.52,7.39,16,10%,https://breadbutterpickleballco.sjv.io/9VL5Le,
Bread & Butter,Loco,Elongated,7.9,118.20,6.09,16,10%,https://breadbutterpickleballco.sjv.io/9VL5Le,https://youtu.be/fEzgY0ZQGAU
Bread & Butter,Loco,Hybrid,8.2,115.46,6.86,16,10%,https://breadbutterpickleballco.sjv.io/9VL5Le,https://youtu.be/fEzgY0ZQGAU
Bread & Butter,Loco,Widebody,8.1,108.06,7.29,16,10%,https://breadbutterpickleballco.sjv.io/9VL5Le,https://youtu.be/fEzgY0ZQGAU
CRBN,TruFoam Genesis 3,Elongated,8.1,117.75,6.26,14,10%,https://www.crbnpickleball.com/discount/PLAYBOOK,
CRBN,TruFoam Barrage 1,Elongated,8.0,117.97,6.01,14,10%,https://www.crbnpickleball.com/discount/PLAYBOOK,https://youtu.be/XLfM3Z3CKlU
CRBN,TruFoam Barrage 2,Widebody,7.9,108.77,6.88,14,10%,https://www.crbnpickleball.com/discount/PLAYBOOK,https://youtu.be/XLfM3Z3CKlU
Diadem,Edge,Elongated,7.9,116.92,6.19,16,,,
Engage,Alpha Pro,Hybrid,8.0,111.89,6.27,16,10%,https://engagepickleball.com/?aff=601,
Enhance,Banger,Elongated,8.0,112.03,6.40,14,$20,https://www.enhancepickleball.com/PLAYBOOK,
Enhance,Turbo EPP,Elongated,7.9,115.76,6.12,16,$20,https://www.enhancepickleball.com/PLAYBOOK,https://youtu.be/oggwg3PKrgY
Enhance,Turbo EPP,Widebody,8.0,108.35,7.07,16,$20,https://www.enhancepickleball.com/PLAYBOOK,https://youtu.be/oggwg3PKrgY
Enhance,Turbo EPP,Hybrid,7.9,111.74,6.38,16,$20,https://www.enhancepickleball.com/PLAYBOOK,https://youtu.be/oggwg3PKrgY
Enhance,Turbo MPP,Elongated,7.9,116.06,6.10,16,$20,https://www.enhancepickleball.com/PLAYBOOK,
Friday,Aura Pro,Elongated,7.9,116.33,5.77,16,$10,https://www.fridaypickle.com/PLAYBOOK,https://youtu.be/l6efRcEngHo
Friday,Aura,Elongated,8.0,114.73,5.64,16,$10,https://www.fridaypickle.com/PLAYBOOK,https://youtu.be/O8555NozXPo
Friday,Aura,Hybrid,7.6,108.60,5.91,16,$10,https://www.fridaypickle.com/PLAYBOOK,https://youtu.be/O8555NozXPo
Gearbox,Pro Ultimate,Elongated,8.0,123.14,5.54,16,,,
Holbrook,Paddle Trainer,Sweetspot,7.7,96.66,2.36,16,15%,https://holbrookpickleball.com/?sca_ref=7538133.2fMoiC3Vz2&utm_source=7538133&utm_medium=austin-hardy&utm_campaign=172645&utm_term=Youtubers-/-Large-influencers,
Holbrook,Arma T,Elongated,7.8,115.94,6.11,14,15%,https://holbrookpickleball.com/?sca_ref=7538133.2fMoiC3Vz2&utm_source=7538133&utm_medium=austin-hardy&utm_campaign=172645&utm_term=Youtubers-/-Large-influencers,
Holbrook,Arma Metallic,Elongated,8.0,116.89,6.51,14,15%,https://holbrookpickleball.com/?sca_ref=7538133.2fMoiC3Vz2&utm_source=7538133&utm_medium=austin-hardy&utm_campaign=172645&utm_term=Youtubers-/-Large-influencers,
Holbrook,Fuze,Widebody,7.9,111.19,6.72,16,15%,https://holbrookpickleball.com/?sca_ref=7538133.2fMoiC3Vz2&utm_source=7538133&utm_medium=austin-hardy&utm_campaign=172645&utm_term=Youtubers-/-Large-influencers,https://youtu.be/tIcA0rzaB_U
Holbrook,Fuze,Elongated,8.0,115.76,6.19,16,15%,https://holbrookpickleball.com/?sca_ref=7538133.2fMoiC3Vz2&utm_source=7538133&utm_medium=austin-hardy&utm_campaign=172645&utm_term=Youtubers-/-Large-influencers,https://youtu.be/tIcA0rzaB_U
Holbrook,Fuze,Hybrid,7.8,110.96,6.22,16,15%,https://holbrookpickleball.com/?sca_ref=7538133.2fMoiC3Vz2&utm_source=7538133&utm_medium=austin-hardy&utm_campaign=172645&utm_term=Youtubers-/-Large-influencers,https://youtu.be/tIcA0rzaB_U
Holbrook,Fuze,Elongated,7.8,113.23,5.70,14,15%,https://holbrookpickleball.com/?sca_ref=7538133.2fMoiC3Vz2&utm_source=7538133&utm_medium=austin-hardy&utm_campaign=172645&utm_term=Youtubers-/-Large-influencers,https://youtu.be/tIcA0rzaB_U
Holbrook,Aero,Elongated,7.9,111.50,5.82,16,15%,https://holbrookpickleball.com/?sca_ref=7538133.2fMoiC3Vz2&utm_source=7538133&utm_medium=austin-hardy&utm_campaign=172645&utm_term=Youtubers-/-Large-influencers,
Holbrook,Mav,Elongated,7.9,118.43,6.49,16,15%,https://holbrookpickleball.com/?sca_ref=7538133.2fMoiC3Vz2&utm_source=7538133&utm_medium=austin-hardy&utm_campaign=172645&utm_term=Youtubers-/-Large-influencers,
Joola,Pro V Perseus,Elongated,8.1,116.29,6.35,16,15%,https://lockerroompickleball.com/search?q=Joola&options%5Bprefix%5D=last&sca_ref=8334840.yY4rLJi7oU9HDNHD,https://youtu.be/gRU_Zwn2iwQ
Joola,3S Dual Perseus,Elongated,8.2,116.56,6.10,16,15%,https://lockerroompickleball.com/search?q=Joola&options%5Bprefix%5D=last&sca_ref=8334840.yY4rLJi7oU9HDNHD,
Maverix,Havik Pro X,Hybrid,8.2,116.91,6.47,15,15%,https://www.maverixpickleball.com/discount/playbook,
Maverix,Havik Pro,Hybrid,8.0,116.46,6.33,15,15%,https://www.maverixpickleball.com/discount/playbook,
Mint,Mon Ami,Elongated,8.7,123.47,6.16,18,15%,https://mintsport.com/collections/mint-pickleball-paddles?sca_ref=10800740.Q8rJ5uKMTgrc,https://youtu.be/JvXTRzAdNp8
Mint,Megalodon,Elongated,8.4,112.41,6.04,20,15%,https://mintsport.com/collections/mint-pickleball-paddles?sca_ref=10800740.Q8rJ5uKMTgrc,https://youtu.be/JvXTRzAdNp8
Mint,Maestro,Elongated,9.1,123.23,6.17,20,15%,https://mintsport.com/collections/mint-pickleball-paddles?sca_ref=10800740.Q8rJ5uKMTgrc,https://youtu.be/JvXTRzAdNp8
Nox,JMA,Hybrid,8.2,109.66,6.54,16,15%,https://noxsportusa.com/collections/pickleball-paddles?sca_ref=10898288.A7iWhYAIh32,
Nox,JC6,Elongated,8.1,114.68,6.06,16,15%,https://noxsportusa.com/collections/pickleball-paddles?sca_ref=10898288.A7iWhYAIh32,
Paddletek,Tempest Wave Pro-C,Widebody,8.0,110.24,7.17,14.3,,,
Ronbus,Quanta R3,Elongated,7.8,115.40,5.74,16,$20,www.ronbus.com/discount/PLAYBOOK,https://youtu.be/8Cnc0_BBXjc
Ronbus,Quanta R4,Hybrid,7.6,105.00,5.75,16,$20,www.ronbus.com/discount/PLAYBOOK,https://youtu.be/8Cnc0_BBXjc
Selkirk,Project 006,Hybrid,8.8,118.49,5.93,16,$0,https://www.selkirk.com/discount/inf-playbook,
Selkirk,Project 007 Invikta,Elongated,8.2,117.47,5.85,14,$0,https://www.selkirk.com/discount/inf-playbook,
Slelkirk,Project 008 Tour,Hybrid,7.9,112.87,5.35,16,$0,https://www.selkirk.com/discount/inf-playbook,
Slelkirk,Project 008 Tour,Hybrid,7.9,110.63,5.44,13,$0,https://www.selkirk.com/discount/inf-playbook,
Selkirk,LUXX,Elongated,7.7,116.94,5.71,20,$0,https://lockerroompickleball.com/search?q=Selkirk&options%5Bprefix%5D=last&sca_ref=8334840.yY4rLJi7oU9HDNHD,
Selkirk,LUXX Jack Sock,Elongated,7.9,116.28,5.82,20,$0,https://lockerroompickleball.com/search?q=Selkirk&options%5Bprefix%5D=last&sca_ref=8334840.yY4rLJi7oU9HDNHD,
Selkirk,Power Air Epic,Hybrid,7.7,103.21,5.97,13,$0,https://www.selkirk.com/discount/inf-playbook,
Selkirk,Power Air Invikta,Elongated,8.1,112.82,5.58,13,$0,https://www.selkirk.com/discount/inf-playbook,
Selkirk,Vanguard Control,Elongated,7.6,115.29,5.51,16,$0,https://www.selkirk.com/discount/inf-playbook,
Selkirk,Amped Pro Air Invikta,Elongated,7.7,114.05,5.71,16,$0,https://www.selkirk.com/discount/inf-playbook,
Selkirk,Amped Control Invikta,Elongated,8.1,115.43,5.79,16,$0,https://www.selkirk.com/discount/inf-playbook,
Selkirk,Amped S2,Widebody,7.7,97.68,6.46,16,$0,https://www.selkirk.com/discount/inf-playbook,
SLK,Nexus Max,Elongated,7.6,109.22,6.48,13,$0,https://www.selkirk.com/discount/inf-playbook,
SLK,Halo Pro,Elongated,7.9,118.32,5.83,14,$0,https://www.selkirk.com/discount/inf-playbook,
SLK,Halo Control,Elongated,7.9,117.51,5.68,16,$0,https://www.selkirk.com/discount/inf-playbook,
SLK,EVO Control XL,Elongated,7.5,113.76,5.93,16,$0,https://www.selkirk.com/discount/inf-playbook,
SLK,EVO Power XL,Elongated,7.9,113.68,5.64,13,$0,https://www.selkirk.com/discount/inf-playbook,
SLK,Latitude Max,Elongated,7.6,102.45,6.47,16,$0,https://www.selkirk.com/discount/inf-playbook,
Volair,Mach 1 Forza,Hybrid,8.1,117.27,6.37,16,10%,http://volair.com/discount/playbook,
Volair,CTRL 1 Forza,Hybrid,7.9,113.21,6.07,16,10%,http://volair.com/discount/playbook,
6.0,Coral,Hybrid,8.0,110.59,6.62,16,10%,https://sixzeropickleball.us?sca_ref=11145669.B01d6tJmnqn5,
6.0,Coral,Elongated,7.9,112.62,6.06,16,10%,https://sixzeropickleball.us?sca_ref=11145669.B01d6tJmnqn5,
Aireo,Cyclone,Elongated,7.5,112.04,6.18,16,10%,https://www.aireo-sports.com?sca_ref=11106871.iVssdtBF6PakUq4Q,
Gruvn,MUVN-16HD Full Foam,Hybrid,7.6,108.10,6.14,16,10%,https://gruvn.co?sca_ref=10975651.1PBYn4k30m7fDH,
Engage,X2,Elongated,8.0,,,16,10%,https://engagepickleball.com/?aff=601,
Honolulu,J2CR Crystal Blue Endurance Surface,Hybrid,8.0,109.61,6.57,16,10%,https://808pickle.com/products/j2cr-crystal-blue-endurance-surface%E2%84%A2-pre-order?variant=51746641445184,
Honolulu,J3CR Crystal Blue Endurance Surface,Widebody,8.0,,,16,10%,https://808pickle.com/products/j3cr-crystal-blue%E2%84%A2-endurance-surface%E2%84%A2,
Honolulu,J6CR Crystal Blue Endurance Surface,Elongated,8.0,,,16,10%,https://808pickle.com/products/j6cr-crystal-blue-endurance-surface%E2%84%A2-pre-order,
Rebl,Alliance,Hybrid,8.4,119.22,6.68,16,$50,https://reblalliance.lovable.app/,https://youtu.be/VOoscbHplro